id,first_name,last_name,email,gender,ip_address
1,Loni,Hackwell,lhackwell0@soundcloud.com,Female,49.53.133.89
2,Giacomo,Keat,gkeat1@mlb.com,Genderfluid,203.184.173.190
3,Orran,Turneux,oturneux2@canalblog.com,Male,100.192.180.244
4,Fayre,Headly,fheadly3@fastcompany.com,Bigender,250.100.206.234
5,Tibold,Posse,tposse4@google.it,Male,135.253.156.41
6,Dore,Empson,dempson5@hud.gov,Male,181.230.78.133
7,Gordie,Brusby,gbrusby6@google.com.br,Male,77.31.25.168
8,Jo-anne,Aish,jaish7@ucoz.ru,Female,97.176.234.169
9,Adolpho,Corn,acorn8@bandcamp.com,Male,172.201.28.30
10,Averyl,Terne,aterne9@unc.edu,Female,190.72.255.220
11,Flem,Walenta,fwalentaa@live.com,Male,140.141.30.193
12,Casper,Dowd,cdowdb@list-manage.com,Male,139.159.242.57
13,Wash,Mattys,wmattysc@aol.com,Male,235.97.14.202
14,Paddie,Stansall,pstansalld@msu.edu,Male,3.148.60.139
15,Casey,Attoe,cattoee@nba.com,Male,90.174.231.171
16,Elliott,Fallawe,efallawef@instagram.com,Male,124.131.40.146
17,Kelsey,Bennell,kbennellg@chronoengine.com,Female,147.25.82.240
18,Salvatore,Johnsey,sjohnseyh@wp.com,Male,248.78.243.234
19,Gui,Matisse,gmatissei@mapy.cz,Polygender,50.114.198.164
20,Gerick,Jeroch,gjerochj@ucoz.com,Male,225.228.139.20
21,Patrice,Forrestill,pforrestillk@spiegel.de,Female,126.157.95.249
22,Lolly,Furze,lfurzel@booking.com,Female,231.91.143.61
23,Rancell,Manz,rmanzm@apple.com,Male,237.226.119.155
24,Simonne,Kitter,skittern@unblog.fr,Female,248.241.64.33
25,Gery,Hemeret,ghemereto@chicagotribune.com,Male,11.17.30.36
26,Ned,Ranyelld,nranyelldp@ucla.edu,Male,60.56.69.89
27,Dave,Penberthy,dpenberthyq@tripadvisor.com,Male,10.236.145.252
28,Durant,Bartali,dbartalir@jigsy.com,Male,121.217.53.214
29,Faye,Marran,fmarrans@microsoft.com,Female,195.206.89.189
30,Benny,Warwick,bwarwickt@51.la,Female,146.168.8.175
31,Brent,Fetherstan,bfetherstanu@ameblo.jp,Male,45.235.198.155
32,Raymund,Moden,rmodenv@comcast.net,Male,131.83.154.167
33,Valaree,Webb,vwebbw@soundcloud.com,Female,226.145.194.95
34,Yvette,Langton,ylangtonx@usgs.gov,Agender,51.31.75.231
35,Tracey,Conant,tconanty@printfriendly.com,Male,104.157.247.118
36,Chrissy,Braven,cbravenz@over-blog.com,Male,43.79.89.149
37,Krystle,Cheyney,kcheyney10@blogs.com,Female,62.78.30.236
38,Ingaborg,Davenhill,idavenhill11@ebay.com,Female,79.26.12.73
39,Viviyan,Piers,vpiers12@nationalgeographic.com,Female,25.176.70.19
40,Rem,Boyington,rboyington13@illinois.edu,Male,234.6.36.83
41,Norton,Matterdace,nmatterdace14@chron.com,Male,119.134.41.137
42,Sonnie,Crucitti,scrucitti15@reddit.com,Male,218.1.161.77
43,Elbertine,Allchin,eallchin16@cornell.edu,Female,49.46.247.109
44,Scarlet,Winspar,swinspar17@printfriendly.com,Female,121.64.74.223
45,Kittie,Colebeck,kcolebeck18@parallels.com,Female,168.75.118.246
46,Lena,Tamas,ltamas19@stanford.edu,Female,115.158.188.111
47,Marthena,Tegler,mtegler1a@slideshare.net,Female,83.233.219.60
48,Monroe,Dicey,mdicey1b@yahoo.com,Male,155.85.5.64
49,Heddie,Heinzel,hheinzel1c@tinyurl.com,Female,140.166.94.150
50,Kathlin,Olohan,kolohan1d@etsy.com,Female,102.79.119.22
51,Kakalina,Kunes,kkunes1e@mail.ru,Female,119.4.188.243
52,Welby,Durant,wdurant1f@newyorker.com,Male,10.165.108.97
53,Susan,Baggs,sbaggs1g@reddit.com,Female,51.192.113.134
54,Sheffie,Noblet,snoblet1h@godaddy.com,Male,214.170.98.195
55,Baryram,Marrows,bmarrows1i@princeton.edu,Male,96.31.136.19
56,Quillan,Thorogood,qthorogood1j@disqus.com,Male,131.192.203.59
57,Phillis,Strathearn,pstrathearn1k@arizona.edu,Non-binary,134.133.150.176
58,Peria,McRobbie,pmcrobbie1l@dagondesign.com,Female,205.39.87.121
59,Doe,Fader,dfader1m@unicef.org,Female,220.208.218.113
60,Kimmy,Simonutti,ksimonutti1n@soundcloud.com,Agender,60.128.48.208
61,Mattias,Geertje,mgeertje1o@pbs.org,Male,80.56.25.6
62,Freeland,Simone,fsimone1p@squidoo.com,Male,192.69.76.239
63,Hube,Matuszkiewicz,hmatuszkiewicz1q@independent.co.uk,Non-binary,148.240.94.5
64,Rowena,Fanstone,rfanstone1r@wordpress.com,Female,85.249.102.155
65,Baudoin,Dawe,bdawe1s@google.com.au,Bigender,138.248.10.174
66,Reeta,Tweddell,rtweddell1t@exblog.jp,Genderfluid,223.97.42.213
67,Imogene,Asprey,iasprey1u@blogger.com,Female,191.163.138.133
68,Rob,Lowbridge,rlowbridge1v@arstechnica.com,Male,103.213.111.116
69,Rudolf,Johann,rjohann1w@wikispaces.com,Male,27.145.149.209
70,Myrlene,Klaggeman,mklaggeman1x@ftc.gov,Female,250.219.108.103
71,Leta,Annand,lannand1y@sakura.ne.jp,Polygender,235.8.58.40
72,Frankie,Hast,fhast1z@epa.gov,Female,134.175.159.80
73,Edyth,Ganderton,eganderton20@huffingtonpost.com,Female,144.117.28.54
74,Von,Haston,vhaston21@ow.ly,Male,233.50.69.146
75,Thain,Thrift,tthrift22@pinterest.com,Male,252.53.134.64
76,Tyson,Mussotti,tmussotti23@uol.com.br,Male,101.116.125.2
77,Lavina,Attoc,lattoc24@tuttocitta.it,Female,235.237.168.116
78,Boyce,Martina,bmartina25@netscape.com,Non-binary,188.30.199.77
79,Keri,Behne,kbehne26@stanford.edu,Female,66.118.132.132
80,Khalil,Treske,ktreske27@google.ca,Male,188.175.48.239
81,Scarface,Cona,scona28@com.com,Male,110.141.28.14
82,Modesta,Colyer,mcolyer29@narod.ru,Female,43.6.80.75
83,Jesse,Whitnell,jwhitnell2a@marketwatch.com,Female,249.33.16.44
84,Alison,Attew,aattew2b@xing.com,Female,130.139.180.232
85,Jordan,Dri,jdri2c@wsj.com,Female,31.61.197.116
86,Kirby,O'Lahy,kolahy2d@google.com.br,Female,124.218.35.147
87,Addy,Gatheridge,agatheridge2e@scientificamerican.com,Male,62.219.165.113
88,Nata,Paulig,npaulig2f@house.gov,Female,69.148.178.126
89,Adelind,Kiloh,akiloh2g@fema.gov,Female,199.206.246.68
90,Leann,Humm,lhumm2h@joomla.org,Female,98.61.135.59
91,Bailie,Bostick,bbostick2i@columbia.edu,Male,0.88.151.184
92,Cornelius,Rolf,crolf2j@businessweek.com,Male,9.173.122.114
93,Merwin,Findlater,mfindlater2k@wsj.com,Male,86.139.175.2
94,Gabriel,Skitral,gskitral2l@netlog.com,Male,22.128.230.203
95,Serene,Rosenblath,srosenblath2m@wufoo.com,Female,180.75.141.226
96,Mireille,Jeal,mjeal2n@vkontakte.ru,Female,194.5.188.37
97,Westleigh,Joul,wjoul2o@earthlink.net,Male,92.24.200.50
98,Shaina,Soars,ssoars2p@usa.gov,Female,53.6.20.77
99,Matthus,Kingswood,mkingswood2q@slashdot.org,Male,25.50.255.41
100,Noella,Sobey,nsobey2r@spiegel.de,Female,190.247.193.251
101,Nicol,Akenhead,nakenhead2s@noaa.gov,Male,59.133.211.221
102,Kenyon,Tysall,ktysall2t@spiegel.de,Male,156.240.189.247
103,Cherry,Arthur,carthur2u@abc.net.au,Genderfluid,214.155.136.120
104,Krissy,Glede,kglede2v@privacy.gov.au,Female,254.6.170.34
105,Carey,Teligin,cteligin2w@cnbc.com,Female,66.173.6.36
106,Carver,Robertshaw,crobertshaw2x@about.me,Male,163.96.136.248
107,Reinaldos,Allpress,rallpress2y@cyberchimps.com,Male,124.192.95.161
108,Zebulen,Matuszak,zmatuszak2z@g.co,Male,182.253.25.126
109,Eugine,Cuncarr,ecuncarr30@wsj.com,Female,121.159.199.59
110,Camila,Beadon,cbeadon31@flavors.me,Female,191.29.170.150
111,Amby,Aiken,aaiken32@mtv.com,Male,251.86.198.228
112,Kalvin,Gianinotti,kgianinotti33@deviantart.com,Male,203.227.140.227
113,Aarika,Terron,aterron34@nbcnews.com,Female,35.247.38.143
114,Lothario,Brittlebank,lbrittlebank35@princeton.edu,Male,60.251.101.244
115,Freedman,Warfield,fwarfield36@spotify.com,Male,129.63.145.93
116,Pace,Poulsom,ppoulsom37@etsy.com,Male,200.31.159.12
117,Ginny,Spread,gspread38@indiatimes.com,Non-binary,104.37.227.0
118,Tallie,Sheraton,tsheraton39@umich.edu,Female,233.150.249.29
119,Hillary,Maudlen,hmaudlen3a@reddit.com,Female,131.176.90.124
120,Jammal,Van Haeften,jvanhaeften3b@loc.gov,Male,16.15.46.90
121,Blake,Schriren,bschriren3c@over-blog.com,Female,173.169.39.138
122,Madge,Boydle,mboydle3d@google.com.au,Non-binary,68.182.50.28
123,Dalston,Sangwine,dsangwine3e@nsw.gov.au,Male,255.118.190.148
124,Renaldo,Clendening,rclendening3f@digg.com,Bigender,146.183.27.110
125,Martin,Dearman,mdearman3g@yandex.ru,Male,179.163.248.88
126,Jacquelin,Suttill,jsuttill3h@smugmug.com,Female,85.223.140.45
127,Wendye,Purshouse,wpurshouse3i@japanpost.jp,Female,86.119.214.74
128,Fulton,Osgordby,fosgordby3j@aol.com,Male,108.73.224.11
129,Noble,Vlasov,nvlasov3k@usgs.gov,Male,165.54.187.183
130,Mikaela,Peregrine,mperegrine3l@biblegateway.com,Female,129.80.49.21
131,Kriste,Stainson,kstainson3m@blogtalkradio.com,Female,36.126.120.122
132,Aryn,Lillee,alillee3n@pen.io,Female,169.175.253.153
133,Florie,Surguine,fsurguine3o@istockphoto.com,Female,219.74.168.211
134,Billy,Sims,bsims3p@fastcompany.com,Male,51.67.18.180
135,Marci,Grosier,mgrosier3q@aol.com,Female,108.10.211.75
136,Siouxie,Steptoe,ssteptoe3r@cmu.edu,Female,80.145.214.121
137,Kiley,Chattock,kchattock3s@ow.ly,Female,14.85.148.115
138,Norby,Ronci,nronci3t@spiegel.de,Male,78.15.138.4
139,Norma,Sheddan,nsheddan3u@taobao.com,Female,176.132.54.109
140,Amaleta,Loy,aloy3v@flavors.me,Polygender,180.24.224.249
141,Carlos,Bisiker,cbisiker3w@auda.org.au,Male,244.146.32.252
142,Westbrooke,Crecy,wcrecy3x@google.com.au,Male,243.69.218.173
143,Oswald,La Torre,olatorre3y@issuu.com,Male,161.250.80.231
144,Rhett,Downton,rdownton3z@printfriendly.com,Male,60.160.158.211
145,Yehudi,Pickering,ypickering40@e-recht24.de,Male,243.249.56.99
146,Katherine,Learmonth,klearmonth41@jimdo.com,Female,3.170.170.250
147,Rurik,Valeri,rvaleri42@prnewswire.com,Male,82.66.45.7
148,Babb,Tomkin,btomkin43@t.co,Female,3.99.196.50
149,Kirby,Scaice,kscaice44@yahoo.co.jp,Genderqueer,36.26.253.174
150,Teri,Farfoot,tfarfoot45@boston.com,Genderfluid,214.246.150.217
151,Valentina,Wafer,vwafer46@weather.com,Female,123.199.184.126
152,Isiahi,Gebhardt,igebhardt47@cyberchimps.com,Polygender,190.64.50.207
153,Rice,Gurney,rgurney48@twitter.com,Male,28.153.60.136
154,Lambert,Wyvill,lwyvill49@artisteer.com,Male,106.65.183.204
155,Eleanor,Cottam,ecottam4a@un.org,Female,247.68.93.111
156,Giuditta,Edowes,gedowes4b@blogs.com,Female,171.200.162.35
157,Linnea,Drysdell,ldrysdell4c@va.gov,Female,230.226.122.197
158,Gregorius,Limming,glimming4d@hc360.com,Male,24.119.122.153
159,Orville,Topaz,otopaz4e@chicagotribune.com,Male,12.107.31.241
160,Norina,Meadmore,nmeadmore4f@clickbank.net,Female,166.160.205.38
161,Markus,Outram,moutram4g@bravesites.com,Male,241.5.152.231
162,Amanda,Clapson,aclapson4h@hhs.gov,Female,4.188.99.46
163,Astrix,Jellman,ajellman4i@pcworld.com,Female,229.109.26.138
164,Samson,Winterton,swinterton4j@pagesperso-orange.fr,Male,186.84.96.134
165,Carlyn,Gerretsen,cgerretsen4k@technorati.com,Female,208.41.222.65
166,Federico,Levey,flevey4l@printfriendly.com,Male,94.138.223.142
167,Ricky,Obray,robray4m@walmart.com,Female,160.4.169.4
168,Suzann,Blay,sblay4n@tumblr.com,Female,139.228.54.10
169,Selestina,Milborn,smilborn4o@nature.com,Female,247.168.4.197
170,Debbi,Huzzay,dhuzzay4p@multiply.com,Female,221.10.59.159
171,Samuele,Bearcock,sbearcock4q@columbia.edu,Male,144.119.67.12
172,Harriette,Whiting,hwhiting4r@sphinn.com,Female,9.209.197.161
173,Cinnamon,Monks,cmonks4s@macromedia.com,Female,141.196.190.117
174,Nomi,Greenstreet,ngreenstreet4t@google.com.br,Female,130.108.84.253
175,Ailis,Lemarie,alemarie4u@fc2.com,Female,185.129.244.179
176,Ansel,Wandrack,awandrack4v@unblog.fr,Male,119.56.35.70
177,Crawford,Manolov,cmanolov4w@google.co.jp,Male,129.153.145.227
178,Dorothee,Gow,dgow4x@newsvine.com,Female,215.3.46.58
179,Allen,Brownsall,abrownsall4y@storify.com,Male,16.73.118.23
180,Jonas,Michurin,jmichurin4z@naver.com,Male,12.203.188.169
181,Maggi,Clinton,mclinton50@posterous.com,Female,53.129.242.243
182,Rolfe,Mordacai,rmordacai51@redcross.org,Male,224.90.195.100
183,Nesta,Gyngell,ngyngell52@cyberchimps.com,Genderqueer,157.76.105.111
184,Deana,Bascombe,dbascombe53@dedecms.com,Female,94.152.219.68
185,Ignatius,Playdon,iplaydon54@lulu.com,Genderqueer,201.208.50.4
186,Steffi,Simonetti,ssimonetti55@list-manage.com,Female,156.126.101.163
187,Florina,Cattenach,fcattenach56@cdc.gov,Genderqueer,56.40.40.148
188,Sabina,Blesing,sblesing57@noaa.gov,Female,74.172.35.65
189,Bailey,McGrale,bmcgrale58@myspace.com,Male,41.108.82.36
190,Dugald,Brooksbie,dbrooksbie59@redcross.org,Male,193.164.57.193
191,Giorgi,Bendtsen,gbendtsen5a@epa.gov,Male,57.141.171.253
192,Nealy,Purkiss,npurkiss5b@auda.org.au,Male,250.101.221.52
193,Chance,Durward,cdurward5c@indiegogo.com,Male,52.29.175.202
194,Rees,Pigden,rpigden5d@samsung.com,Male,155.232.127.12
195,Raymond,Blount,rblount5e@dagondesign.com,Male,25.129.3.19
196,Tybie,Golland,tgolland5f@w3.org,Female,154.219.62.30
197,Jacquelin,Eddicott,jeddicott5g@parallels.com,Female,32.197.64.244
198,Cathi,Koubek,ckoubek5h@ow.ly,Female,53.128.26.216
199,Peadar,Leggatt,pleggatt5i@narod.ru,Male,58.163.142.38
200,Joachim,Burnage,jburnage5j@odnoklassniki.ru,Male,2.160.149.38
201,Marian,Scarlett,mscarlett5k@sogou.com,Female,140.26.125.223
202,Rubia,Dehn,rdehn5l@nih.gov,Female,25.8.251.212
203,Marsh,Leavey,mleavey5m@blogs.com,Male,187.170.108.118
204,Roze,Durnin,rdurnin5n@ovh.net,Female,167.137.24.156
205,Sanford,Wyman,swyman5o@over-blog.com,Male,231.120.82.122
206,Cord,Salery,csalery5p@fotki.com,Male,141.93.231.182
207,Chandler,Cud,ccud5q@amazon.de,Male,198.132.115.5
208,Olivier,Dinneen,odinneen5r@ucoz.com,Male,6.65.114.125
209,Merrick,Caukill,mcaukill5s@smugmug.com,Male,29.235.142.229
210,Pamella,Hurne,phurne5t@aol.com,Female,204.57.246.48
211,Dot,Bonehill,dbonehill5u@illinois.edu,Female,103.112.96.0
212,Shermy,Whebell,swhebell5v@desdev.cn,Male,18.216.230.169
213,Benson,Biaggioni,bbiaggioni5w@php.net,Bigender,173.145.5.253
214,Mel,Kesley,mkesley5x@cnbc.com,Male,67.86.237.213
215,Edi,Cornew,ecornew5y@state.gov,Female,19.204.15.255
216,Meaghan,Demchen,mdemchen5z@marketwatch.com,Female,100.106.235.217
217,Carolus,Von Brook,cvonbrook60@typepad.com,Male,103.198.116.64
218,Chan,Lesurf,clesurf61@infoseek.co.jp,Male,29.58.31.239
219,Horst,Lusher,hlusher62@g.co,Male,38.2.224.229
220,Adrea,Hudspeth,ahudspeth63@google.com.au,Female,88.142.1.242
221,Livy,Sidlow,lsidlow64@cbslocal.com,Female,190.130.147.96
222,Aigneis,Altoft,aaltoft65@typepad.com,Female,31.158.136.164
223,Linn,Linnock,llinnock66@yellowpages.com,Female,6.80.145.177
224,Delmor,Nurdin,dnurdin67@cisco.com,Male,152.124.93.94
225,Renie,Lammerich,rlammerich68@sfgate.com,Female,161.48.187.201
226,Jedediah,Clavey,jclavey69@ca.gov,Male,23.105.209.123
227,Galvin,Buggs,gbuggs6a@unesco.org,Male,51.71.132.247
228,Mel,O'Henecan,mohenecan6b@eventbrite.com,Male,37.122.222.200
229,Bernie,Chillcot,bchillcot6c@usa.gov,Female,28.238.38.78
230,Susy,Giraudy,sgiraudy6d@google.it,Female,88.48.225.43
231,Payton,Sodo,psodo6e@time.com,Male,24.163.214.222
232,Stacee,Beuscher,sbeuscher6f@npr.org,Male,29.18.208.66
233,Lola,Chazotte,lchazotte6g@baidu.com,Female,102.4.45.193
234,Gabbie,Wince,gwince6h@shutterfly.com,Female,59.212.66.127
235,Daisy,Shoemark,dshoemark6i@1688.com,Female,142.188.49.232
236,Marijn,Capehorn,mcapehorn6j@bluehost.com,Male,36.225.77.135
237,Jessee,Penhallurick,jpenhallurick6k@whitehouse.gov,Male,240.76.32.163
238,Merill,Novotni,mnovotni6l@accuweather.com,Male,63.102.154.62
239,Rochette,Ollivier,rollivier6m@yandex.ru,Female,169.190.192.90
240,Nealon,Philipp,nphilipp6n@yahoo.com,Male,0.247.46.186
241,Crawford,Burt,cburt6o@arstechnica.com,Male,103.60.122.160
242,Malorie,Durnian,mdurnian6p@stumbleupon.com,Polygender,204.21.175.123
243,Tommie,Beeke,tbeeke6q@cloudflare.com,Non-binary,244.216.101.141
244,Berkley,Raiman,braiman6r@nih.gov,Male,146.96.129.108
245,Welch,Ingrey,wingrey6s@discovery.com,Male,145.53.110.184
246,Louisette,Poulett,lpoulett6t@bluehost.com,Female,104.43.227.250
247,Adara,McCrow,amccrow6u@google.es,Female,218.230.81.37
248,Rudy,Colborn,rcolborn6v@friendfeed.com,Male,29.246.171.147
249,Orel,Cockerell,ocockerell6w@google.com.br,Female,147.97.36.39
250,Leoline,Hawyes,lhawyes6x@shareasale.com,Female,88.122.11.8
251,Dion,Comini,dcomini6y@ning.com,Male,81.96.14.61
252,Tobi,Harner,tharner6z@businessweek.com,Female,1.92.244.12
253,Hollie,Spiniello,hspiniello70@t.co,Female,29.166.35.155
254,Land,Fernihough,lfernihough71@elegantthemes.com,Non-binary,19.113.130.157
255,Kimmie,Peggs,kpeggs72@woothemes.com,Female,147.92.31.166
256,Wilow,Mendonca,wmendonca73@europa.eu,Female,32.109.93.222
257,Celeste,Canniffe,ccanniffe74@devhub.com,Female,83.2.1.35
258,Corbin,Alesbrook,calesbrook75@yellowbook.com,Male,89.144.9.78
259,Manolo,Belf,mbelf76@alexa.com,Male,209.10.80.253
260,Elladine,Swanson,eswanson77@bluehost.com,Female,5.116.134.82
261,Riordan,Slyne,rslyne78@imdb.com,Agender,189.1.64.63
262,Gris,Froom,gfroom79@odnoklassniki.ru,Male,243.233.213.248
263,Merry,Leyband,mleyband7a@admin.ch,Female,85.220.68.240
264,Nikolas,Frears,nfrears7b@lulu.com,Male,15.51.88.208
265,Agathe,Bourton,abourton7c@weather.com,Female,66.232.68.16
266,Tyrone,McNirlan,tmcnirlan7d@blogger.com,Male,238.238.205.185
267,Edna,Ekless,eekless7e@nsw.gov.au,Female,174.13.45.36
268,Meriel,Lazarus,mlazarus7f@posterous.com,Female,11.214.128.72
269,Rowland,Dingle,rdingle7g@hud.gov,Male,8.24.43.136
270,Alard,Langlois,alanglois7h@goo.gl,Male,168.251.228.4
271,Harwilll,Hubball,hhubball7i@tuttocitta.it,Male,222.210.140.17
272,Carmelia,Spinley,cspinley7j@mashable.com,Female,125.102.115.18
273,Hewe,Silman,hsilman7k@de.vu,Male,63.95.145.69
274,Venus,Gillett,vgillett7l@amazonaws.com,Female,132.64.169.1
275,Florencia,McIlwain,fmcilwain7m@ucsd.edu,Female,186.94.151.119
276,Laina,Clarkson,lclarkson7n@livejournal.com,Female,83.16.203.115
277,Vivie,Adame,vadame7o@cmu.edu,Female,252.238.243.119
278,Terrell,Liversidge,tliversidge7p@moonfruit.com,Male,61.184.61.197
279,Lisle,Fairlem,lfairlem7q@a8.net,Male,121.155.189.245
280,Karil,Ziehms,kziehms7r@foxnews.com,Female,146.161.131.70
281,Rodolph,Mooney,rmooney7s@4shared.com,Male,43.32.59.134
282,Giavani,Pallas,gpallas7t@berkeley.edu,Male,217.142.0.71
283,Corbett,Itzik,citzik7u@harvard.edu,Male,68.223.177.138
284,Allistir,Canellas,acanellas7v@furl.net,Male,245.39.212.117
285,Monro,Stebbins,mstebbins7w@examiner.com,Male,199.21.14.235
286,Wilmer,Riply,wriply7x@yahoo.co.jp,Male,128.85.75.223
287,Justino,Kos,jkos7y@vimeo.com,Male,18.35.176.65
288,Emmerich,Tackle,etackle7z@nyu.edu,Male,211.92.7.226
289,Darb,Celli,dcelli80@alibaba.com,Female,156.126.134.131
290,Rolf,Franklyn,rfranklyn81@ocn.ne.jp,Male,103.114.172.205
291,Meier,Shovlar,mshovlar82@miibeian.gov.cn,Male,188.92.191.10
292,Amara,Pietrowski,apietrowski83@census.gov,Female,124.39.187.23
293,Moria,Pund,mpund84@twitpic.com,Female,74.206.166.238
294,Abagael,Mellers,amellers85@webs.com,Female,238.144.30.4
295,Rayshell,Suddock,rsuddock86@usa.gov,Female,103.72.85.4
296,Karrah,MacMenemy,kmacmenemy87@ebay.com,Female,29.63.232.191
297,Brinna,Dartnell,bdartnell88@ucsd.edu,Female,129.124.224.8
298,Sanson,Crompton,scrompton89@i2i.jp,Male,122.108.83.142
299,Worthington,Macey,wmacey8a@europa.eu,Male,139.91.61.181
300,Allison,Sulland,asulland8b@jalbum.net,Female,114.226.33.78
301,Maribel,Muirden,mmuirden8c@chicagotribune.com,Female,198.236.156.101
302,Otes,Briton,obriton8d@alibaba.com,Male,31.209.168.139
303,Ibrahim,Pichmann,ipichmann8e@google.com.au,Male,182.245.244.196
304,Roderich,Bly,rbly8f@sina.com.cn,Male,102.20.234.155
305,Cherilyn,Openshaw,copenshaw8g@addthis.com,Female,189.170.5.235
306,Thorpe,Pidgeley,tpidgeley8h@godaddy.com,Male,45.90.40.35
307,Montgomery,Yurchishin,myurchishin8i@etsy.com,Male,16.84.83.155
308,Jarib,Aked,jaked8j@yelp.com,Male,119.106.123.253
309,Andriana,Grewer,agrewer8k@discovery.com,Female,212.175.227.80
310,Mariette,O'Lagene,molagene8l@va.gov,Female,192.238.117.245
311,Carlotta,Mowson,cmowson8m@list-manage.com,Female,203.224.209.1
312,Dita,Schriren,dschriren8n@cbsnews.com,Genderqueer,28.212.0.185
313,Augustine,Mattacks,amattacks8o@gizmodo.com,Female,123.184.134.114
314,Gwendolen,Chillcot,gchillcot8p@elpais.com,Female,27.138.5.178
315,Dita,Dallmann,ddallmann8q@twitter.com,Female,25.219.191.219
316,Etti,Errichi,eerrichi8r@lycos.com,Female,211.229.42.186
317,Yettie,Pablos,ypablos8s@weebly.com,Female,221.59.174.213
318,Kendell,Judd,kjudd8t@huffingtonpost.com,Male,122.147.51.52
319,Ara,Grason,agrason8u@artisteer.com,Male,195.75.171.6
320,Jessy,Borris,jborris8v@intel.com,Female,169.5.130.44
321,Seamus,Gillatt,sgillatt8w@histats.com,Agender,182.10.141.230
322,Alexandro,Wagge,awagge8x@usnews.com,Male,11.19.199.74
323,Barbaraanne,Kernoghan,bkernoghan8y@icq.com,Bigender,222.70.0.22
324,Guthrey,Kedie,gkedie8z@psu.edu,Male,81.242.173.23
325,Rosanne,McRoberts,rmcroberts90@delicious.com,Female,40.58.34.63
326,Kent,Grzeskowski,kgrzeskowski91@ebay.com,Agender,197.254.178.52
327,Genovera,MacCosty,gmaccosty92@dion.ne.jp,Female,70.31.231.169
328,Pippa,Wannell,pwannell93@youtu.be,Female,232.23.49.33
329,Mart,Orknay,morknay94@feedburner.com,Male,223.85.147.200
330,Harp,Hackney,hhackney95@marriott.com,Male,217.161.134.63
331,Shirlene,Corteis,scorteis96@senate.gov,Genderqueer,138.21.80.239
332,Michal,Marcroft,mmarcroft97@hubpages.com,Polygender,162.81.187.142
333,Shawn,Tookey,stookey98@mlb.com,Female,11.107.67.143
334,Berkie,Sail,bsail99@freewebs.com,Male,19.107.17.175
335,Clarisse,Worvell,cworvell9a@yellowpages.com,Female,100.97.34.200
336,Pauletta,Vasiljevic,pvasiljevic9b@drupal.org,Female,207.49.1.111
337,Kiley,Seiler,kseiler9c@rambler.ru,Male,249.154.184.17
338,Dominick,Miliffe,dmiliffe9d@bluehost.com,Male,223.163.250.219
339,Dill,Rainard,drainard9e@plala.or.jp,Male,65.113.236.25
340,Hugibert,Emeline,hemeline9f@cbc.ca,Male,7.55.249.93
341,Moses,Abramow,mabramow9g@dedecms.com,Male,240.28.18.233
342,Wilt,Rablan,wrablan9h@dropbox.com,Bigender,52.132.26.37
343,Eward,Satcher,esatcher9i@liveinternet.ru,Male,190.121.87.24
344,Madelena,Widdup,mwiddup9j@earthlink.net,Female,14.214.127.76
345,Alisun,Hartle,ahartle9k@biglobe.ne.jp,Female,46.77.81.35
346,Janeen,Manuely,jmanuely9l@angelfire.com,Female,0.177.222.46
347,Erda,Sheldrick,esheldrick9m@dedecms.com,Female,159.105.33.81
348,Idell,Jerrard,ijerrard9n@answers.com,Female,237.140.229.29
349,Joseito,Reolfo,jreolfo9o@homestead.com,Male,218.178.174.183
350,Irita,Eakly,ieakly9p@bluehost.com,Female,245.133.97.140
351,Der,Boulter,dboulter9q@cbsnews.com,Male,48.70.175.8
352,Florri,Halse,fhalse9r@ocn.ne.jp,Female,114.171.5.99
353,Pauli,Baitman,pbaitman9s@utexas.edu,Genderfluid,60.90.6.32
354,Herbert,Hebbard,hhebbard9t@dropbox.com,Male,214.86.84.41
355,Francklyn,Werndly,fwerndly9u@bigcartel.com,Male,196.218.118.72
356,Janeva,Ayerst,jayerst9v@geocities.com,Female,47.72.61.208
357,Piggy,Losano,plosano9w@youtu.be,Male,55.167.145.133
358,Lincoln,Kinnard,lkinnard9x@kickstarter.com,Male,224.49.126.147
359,Devlen,MacGettigen,dmacgettigen9y@ucla.edu,Polygender,146.237.128.139
360,Amy,O'Duilleain,aoduilleain9z@networksolutions.com,Female,119.28.166.49
361,Natka,Pudan,npudana0@creativecommons.org,Female,254.57.174.243
362,Jarret,Farrin,jfarrina1@desdev.cn,Male,48.147.148.70
363,Desmund,Rolfs,drolfsa2@weather.com,Male,41.135.2.222
364,Barris,Cranton,bcrantona3@google.com.hk,Genderfluid,40.94.99.164
365,Che,Haffenden,chaffendena4@adobe.com,Male,64.69.106.201
366,Michelle,Marvel,mmarvela5@phoca.cz,Female,149.190.220.11
367,Angel,Tann,atanna6@cisco.com,Male,160.246.24.192
368,Myrtice,Stollwerck,mstollwercka7@toplist.cz,Female,118.44.133.56
369,Jodi,Hawksby,jhawksbya8@free.fr,Male,61.215.212.79
370,Farrah,Ferschke,fferschkea9@flavors.me,Female,68.77.168.211
371,Fernandina,Swoffer,fswofferaa@icio.us,Female,245.34.218.230
372,Chickie,Szymaniak,cszymaniakab@utexas.edu,Male,181.173.54.157
373,Audrey,Shopcott,ashopcottac@ed.gov,Female,114.92.70.199
374,Xylina,Desaur,xdesaurad@ebay.com,Female,108.38.241.52
375,Georgia,Haugg,ghauggae@icq.com,Female,171.53.134.121
376,Abigail,Widdowfield,awiddowfieldaf@abc.net.au,Female,123.54.26.72
377,Kelila,Delgardo,kdelgardoag@patch.com,Female,58.49.167.147
378,Jeana,Duckerin,jduckerinah@youku.com,Female,9.50.2.252
379,Willi,Learmouth,wlearmouthai@ow.ly,Male,180.210.149.189
380,Tully,McAllan,tmcallanaj@dot.gov,Bigender,77.213.137.82
381,Panchito,Thewles,pthewlesak@hud.gov,Male,172.26.119.172
382,Gill,MacRedmond,gmacredmondal@google.pl,Female,146.156.77.60
383,Claudette,Townsley,ctownsleyam@alexa.com,Female,71.222.62.155
384,Kissie,Beall,kbeallan@google.co.jp,Female,222.127.165.224
385,Barbabra,Standeven,bstandevenao@nba.com,Female,254.240.207.185
386,Benita,Fullstone,bfullstoneap@tamu.edu,Female,198.121.181.106
387,Christyna,Yanele,cyaneleaq@instagram.com,Female,119.17.209.107
388,Clara,Wildbore,cwildborear@comsenz.com,Female,140.174.45.239
389,Emlyn,Gossage,egossageas@dell.com,Male,20.157.216.31
390,Ashley,Anyene,aanyeneat@symantec.com,Female,130.61.3.84
391,Teressa,Leglise,tlegliseau@army.mil,Female,161.77.202.134
392,Christel,Sexti,csextiav@xrea.com,Female,31.76.179.241
393,Roxy,Charnick,rcharnickaw@google.de,Female,161.222.234.51
394,Bjorn,Gooms,bgoomsax@sfgate.com,Male,3.56.249.185
395,Salvador,Afonso,safonsoay@disqus.com,Genderfluid,53.43.31.246
396,Chadd,Cretney,ccretneyaz@elegantthemes.com,Male,166.197.236.215
397,Barnard,Ferraretto,bferrarettob0@mapy.cz,Male,84.15.87.67
398,Dame,Wabb,dwabbb1@pagesperso-orange.fr,Male,202.86.5.60
399,Kasper,Rusk,kruskb2@hp.com,Male,244.63.241.150
400,Micheal,Hacksby,mhacksbyb3@hao123.com,Male,105.51.36.19
401,Drew,Defty,ddeftyb4@yale.edu,Male,235.2.220.147
402,Hally,Damp,hdampb5@time.com,Female,28.134.144.214
403,Zelma,Felipe,zfelipeb6@umn.edu,Female,245.2.120.222
404,Aldridge,Mattiello,amattiellob7@dmoz.org,Male,29.46.214.222
405,Gipsy,Gosdin,ggosdinb8@lulu.com,Female,247.30.209.96
406,Suzy,Blincow,sblincowb9@ucsd.edu,Female,10.50.185.135
407,Allx,Snawden,asnawdenba@businessweek.com,Female,107.5.40.153
408,Dilan,Lagden,dlagdenbb@prweb.com,Male,79.248.196.180
409,Benedicto,Gosby,bgosbybc@canalblog.com,Male,53.95.225.180
410,Marni,Crumly,mcrumlybd@npr.org,Female,78.122.255.93
411,Dionisio,Pigney,dpigneybe@java.com,Bigender,251.178.152.12
412,Correna,Nesterov,cnesterovbf@economist.com,Female,216.235.195.251
413,Gray,Golden,ggoldenbg@com.com,Male,142.109.174.203
414,Dorthy,McClurg,dmcclurgbh@lulu.com,Female,73.127.28.125
415,Eleen,Medley,emedleybi@blogspot.com,Genderfluid,47.129.35.253
416,Fancie,Gamet,fgametbj@harvard.edu,Female,58.28.28.226
417,Kev,Behninck,kbehninckbk@dagondesign.com,Male,238.214.111.45
418,Jervis,Dutson,jdutsonbl@yandex.ru,Male,56.9.203.184
419,Kara,Bourtoumieux,kbourtoumieuxbm@cloudflare.com,Female,28.239.124.236
420,Isaak,Hyndley,ihyndleybn@tinyurl.com,Genderfluid,166.221.141.57
421,Shay,Keerl,skeerlbo@networksolutions.com,Female,207.140.78.43
422,Bourke,Bane,bbanebp@dailymotion.com,Male,239.170.168.152
423,Maurizio,Bollam,mbollambq@gizmodo.com,Male,219.229.205.1
424,Crawford,Houdmont,choudmontbr@about.com,Male,61.146.177.223
425,Cleo,Hartropp,chartroppbs@state.tx.us,Female,192.38.141.233
426,Benoite,Stannion,bstannionbt@chron.com,Female,98.10.11.55
427,Glenn,Treadgold,gtreadgoldbu@amazon.com,Male,6.93.214.103
428,Kelsey,Bertin,kbertinbv@blogger.com,Male,12.74.99.166
429,Tobey,Outerbridge,touterbridgebw@1und1.de,Female,246.235.16.120
430,Katinka,Epsly,kepslybx@accuweather.com,Female,17.175.145.159
431,Baillie,Titterell,btitterellby@godaddy.com,Male,96.253.189.237
432,Crissie,Bolle,cbollebz@cisco.com,Agender,36.51.232.140
433,Hamnet,Aiken,haikenc0@moonfruit.com,Male,200.179.85.216
434,Ivette,Rany,iranyc1@reference.com,Genderfluid,47.189.161.13
435,Hilary,Croney,hcroneyc2@1und1.de,Female,137.111.49.184
436,Rikki,Nell,rnellc3@skype.com,Male,245.145.107.97
437,Martelle,Elbourn,melbournc4@google.com.hk,Female,136.183.12.84
438,Mic,Basek,mbasekc5@slideshare.net,Male,117.39.52.7
439,Vite,Yeowell,vyeowellc6@blogspot.com,Male,105.179.85.236
440,Obadias,Scola,oscolac7@chron.com,Male,91.235.22.54
441,Iona,Sizland,isizlandc8@newsvine.com,Female,229.197.228.219
442,Rube,Cunliffe,rcunliffec9@wordpress.com,Male,43.99.204.157
443,Nat,Beningfield,nbeningfieldca@seattletimes.com,Female,29.27.228.250
444,Glory,Beaulieu,gbeaulieucb@youtu.be,Female,238.197.191.211
445,Decca,Armsden,darmsdencc@go.com,Male,54.137.217.158
446,Guglielmo,Matusov,gmatusovcd@yale.edu,Male,147.2.62.86
447,Haleigh,Blakeslee,hblakesleece@studiopress.com,Male,63.117.23.79
448,Hailey,Conaboy,hconaboycf@amazon.co.jp,Male,119.59.182.60
449,Guendolen,Tembridge,gtembridgecg@yolasite.com,Female,151.116.224.90
450,Calhoun,Sandels,csandelsch@joomla.org,Male,74.106.68.56
451,Terencio,Kleinmann,tkleinmannci@google.com.hk,Male,45.196.36.91
452,Berrie,Mowsdell,bmowsdellcj@unblog.fr,Female,209.120.18.107
453,Paige,Snadden,psnaddenck@nsw.gov.au,Male,87.9.255.25
454,Robbert,Barbrick,rbarbrickcl@dot.gov,Male,134.232.253.79
455,Manfred,Warsap,mwarsapcm@vimeo.com,Male,241.122.139.113
456,Dacy,Soigne,dsoignecn@arstechnica.com,Female,149.125.62.152
457,Nathan,Winmill,nwinmillco@wordpress.com,Male,248.114.83.124
458,Rozalin,Veracruysse,rveracruyssecp@so-net.ne.jp,Agender,149.38.109.68
459,Arlene,Gittis,agittiscq@mail.ru,Agender,226.84.184.167
460,Robinet,Quade,rquadecr@icq.com,Female,189.244.230.109
461,Roosevelt,Assard,rassardcs@rediff.com,Male,5.246.31.22
462,Ethelyn,Mineghelli,emineghellict@cam.ac.uk,Female,56.211.140.9
463,Kerstin,Markwick,kmarkwickcu@lulu.com,Female,171.75.224.62
464,Chrysa,Grigolashvill,cgrigolashvillcv@theguardian.com,Female,176.47.27.29
465,Tait,Butchers,tbutcherscw@netscape.com,Male,145.88.171.217
466,Hadleigh,Stoacley,hstoacleycx@1688.com,Male,219.12.99.152
467,Reinhard,Godfery,rgodferycy@cisco.com,Male,186.47.250.212
468,Dannie,Baitson,dbaitsoncz@cocolog-nifty.com,Female,55.198.43.216
469,Janessa,Roddy,jroddyd0@cmu.edu,Female,21.193.154.64
470,Baldwin,Hares,bharesd1@meetup.com,Genderfluid,92.207.168.85
471,Morissa,Beakes,mbeakesd2@dyndns.org,Genderqueer,220.173.119.235
472,Duke,Skerme,dskermed3@wikispaces.com,Male,8.182.61.65
473,Bernie,Jeckells,bjeckellsd4@engadget.com,Female,105.29.164.142
474,Merci,Wilmore,mwilmored5@nhs.uk,Female,27.196.124.60
475,Maura,Yeulet,myeuletd6@china.com.cn,Female,210.71.56.195
476,Felicdad,Ingre,fingred7@loc.gov,Female,165.213.113.88
477,Jaine,Kreutzer,jkreutzerd8@godaddy.com,Female,172.253.87.173
478,Willis,Zanutti,wzanuttid9@springer.com,Male,49.155.229.155
479,Morgan,Haruard,mharuardda@hud.gov,Female,76.128.51.18
480,Elnore,Ioan,eioandb@nydailynews.com,Female,61.29.39.80
481,Madlen,Rowaszkiewicz,mrowaszkiewiczdc@cpanel.net,Female,238.240.190.179
482,Davy,Ollin,dollindd@foxnews.com,Male,55.35.160.92
483,Burnaby,Grishankov,bgrishankovde@oakley.com,Male,127.35.209.148
484,Benoit,Grayham,bgrayhamdf@sakura.ne.jp,Male,62.28.34.201
485,Kenny,Prin,kprindg@loc.gov,Male,232.72.93.251
486,Linette,Lettley,llettleydh@google.co.jp,Female,129.50.122.79
487,Salomon,Carl,scarldi@myspace.com,Male,158.131.249.32
488,Antonio,Kamien,akamiendj@bandcamp.com,Male,128.138.12.111
489,Almeda,O'Shirine,aoshirinedk@skype.com,Female,104.242.162.69
490,Gradeigh,Dymond,gdymonddl@topsy.com,Male,108.0.179.245
491,Ulrikaumeko,Whichelow,uwhichelowdm@blinklist.com,Female,208.106.233.60
492,Redd,Jarrold,rjarrolddn@domainmarket.com,Non-binary,91.83.181.233
493,Alejoa,Bottby,abottbydo@com.com,Male,10.38.73.188
494,Van,Mosedall,vmosedalldp@xrea.com,Male,162.172.97.132
495,Grace,Delagnes,gdelagnesdq@constantcontact.com,Female,107.171.176.186
496,Gradeigh,Wille,gwilledr@archive.org,Male,113.187.0.161
497,Gram,Beveridge,gbeveridgeds@wordpress.com,Male,145.62.241.116
498,Sutherlan,Bramble,sbrambledt@goo.gl,Male,203.44.25.164
499,Linn,Richarz,lricharzdu@vk.com,Female,36.204.80.170
500,Kingston,Ragat,kragatdv@narod.ru,Male,66.22.217.94
501,Dion,Alexsandrovich,dalexsandrovichdw@freewebs.com,Female,34.120.160.128
502,Beverlie,Dooler,bdoolerdx@army.mil,Female,202.127.176.179
503,Gerome,Schnieder,gschniederdy@ucoz.ru,Male,135.65.182.4
504,Roselin,Burgise,rburgisedz@jiathis.com,Female,23.7.141.10
505,Sherman,Filov,sfilove0@goo.ne.jp,Male,133.178.119.34
506,Ken,Iremonger,kiremongere1@dedecms.com,Male,65.139.133.75
507,Kurtis,Bartomieu,kbartomieue2@w3.org,Male,120.188.251.48
508,Lemmie,Trosdall,ltrosdalle3@washingtonpost.com,Male,171.90.95.167
509,Gail,Cleef,gcleefe4@eepurl.com,Male,203.3.93.233
510,Sydney,Growy,sgrowye5@ted.com,Male,215.173.247.13
511,Charlotta,Attenburrow,cattenburrowe6@twitpic.com,Female,73.254.236.52
512,Rancell,Petett,rpetette7@google.nl,Male,247.134.12.88
513,Georgette,Galland,ggallande8@scribd.com,Female,191.79.121.247
514,Theo,Smouten,tsmoutene9@cbc.ca,Female,55.169.30.59
515,Thorstein,Kochel,tkochelea@google.pl,Male,224.100.126.138
516,Noble,Bavin,nbavineb@deliciousdays.com,Genderfluid,233.73.197.224
517,Quintilla,Mewis,qmewisec@yandex.ru,Female,191.36.246.234
518,Deanna,Heard,dhearded@gravatar.com,Female,43.126.230.232
519,Bessie,Mitkcov,bmitkcovee@cmu.edu,Female,55.62.110.125
520,Angel,Gash,agashef@techcrunch.com,Female,74.82.241.115
521,Randal,Twyning,rtwyningeg@shop-pro.jp,Male,147.235.242.60
522,Steffi,Chellam,schellameh@redcross.org,Female,9.28.139.230
523,Rodger,Fowells,rfowellsei@hp.com,Male,64.4.197.180
524,Zorine,Albrighton,zalbrightonej@webs.com,Female,140.217.133.191
525,Sabra,Barreau,sbarreauek@cyberchimps.com,Female,118.139.33.13
526,Cathrin,Likely,clikelyel@xing.com,Female,63.58.28.60
527,Barbi,Wrankling,bwranklingem@desdev.cn,Female,191.160.248.188
528,Ira,Rumbelow,irumbelowen@hud.gov,Female,81.115.213.198
529,Daisie,Pucker,dpuckereo@over-blog.com,Female,48.229.115.12
530,Raquela,Stairmond,rstairmondep@issuu.com,Female,145.99.251.68
531,Hilly,Cottel,hcotteleq@europa.eu,Male,148.219.145.161
532,Maurie,Ellin,melliner@howstuffworks.com,Male,166.26.195.210
533,Kiah,Pounds,kpoundses@java.com,Female,142.151.106.137
534,Vinni,Clist,vclistet@reference.com,Agender,41.134.19.147
535,Sascha,Rembrant,srembranteu@miibeian.gov.cn,Male,188.92.158.183
536,Dorisa,Hart,dhartev@naver.com,Female,181.43.64.46
537,Ethe,Woolland,ewoollandew@berkeley.edu,Male,222.148.230.142
538,Robert,Spurriar,rspurriarex@sun.com,Male,44.90.42.89
539,Kassi,Reihill,kreihilley@oaic.gov.au,Female,199.142.163.134
540,Nicola,Bugden,nbugdenez@sourceforge.net,Female,121.64.129.15
541,Lanny,Kupisz,lkupiszf0@mashable.com,Male,195.205.40.3
542,Anthe,Kewzick,akewzickf1@google.com.br,Female,117.255.173.32
543,Raynard,Domanek,rdomanekf2@last.fm,Male,85.80.91.60
544,Benedick,Feragh,bferaghf3@smugmug.com,Male,224.138.251.109
545,Norbie,Braidford,nbraidfordf4@biglobe.ne.jp,Male,71.141.54.136
546,Emma,Mitchiner,emitchinerf5@icio.us,Female,221.3.97.176
547,Lucille,Notman,lnotmanf6@dailymotion.com,Female,79.16.99.15
548,Wally,Farre,wfarref7@homestead.com,Male,156.60.143.88
549,Twila,Vittet,tvittetf8@ca.gov,Female,106.39.124.8
550,Nehemiah,Deeming,ndeemingf9@engadget.com,Male,227.206.149.15
551,Donny,Thomsen,dthomsenfa@blogs.com,Female,61.128.0.5
552,Prentiss,Rigney,prigneyfb@google.co.jp,Male,209.15.242.160
553,Waneta,Viner,wvinerfc@miitbeian.gov.cn,Female,244.152.147.234
554,Brit,Stuck,bstuckfd@ucla.edu,Female,15.200.112.109
555,Evita,Gunningham,egunninghamfe@theguardian.com,Female,116.199.117.181
556,Thaddeus,Sprankling,tspranklingff@dyndns.org,Male,41.232.10.133
557,Felipa,Sallenger,fsallengerfg@icq.com,Female,199.155.133.145
558,Leilah,MacTrustam,lmactrustamfh@mit.edu,Female,42.4.194.148
559,Dix,Fitzsymons,dfitzsymonsfi@reverbnation.com,Female,129.130.216.188
560,Wallie,McLachlan,wmclachlanfj@cdc.gov,Male,139.170.45.186
561,Gabriel,Deshorts,gdeshortsfk@cisco.com,Female,211.233.161.10
562,Starlene,Skilling,sskillingfl@aol.com,Female,9.87.190.121
563,Llywellyn,Stredder,lstredderfm@w3.org,Bigender,214.128.218.123
564,Odey,Fossey,ofosseyfn@clickbank.net,Male,25.198.132.194
565,Rivalee,Patley,rpatleyfo@cloudflare.com,Female,114.91.241.88
566,Hodge,Lyenyng,hlyenyngfp@moonfruit.com,Male,184.20.105.227
567,Cinnamon,Gaydon,cgaydonfq@ed.gov,Female,241.104.134.228
568,Robers,McRoberts,rmcrobertsfr@skyrock.com,Male,98.245.58.59
569,Rudolf,McIntee,rmcinteefs@eventbrite.com,Male,182.167.96.79
570,Annalee,Taggart,ataggartft@ucoz.com,Female,181.217.249.40
571,Finley,Olivie,foliviefu@booking.com,Male,249.249.79.64
572,Brynne,Madsen,bmadsenfv@arstechnica.com,Female,146.141.89.46
573,Bartlett,Willstrop,bwillstropfw@odnoklassniki.ru,Male,154.150.79.222
574,Cheston,Bazek,cbazekfx@histats.com,Male,196.237.117.198
575,Toby,Pittel,tpittelfy@ca.gov,Female,131.58.223.182
576,Aloise,Varrow,avarrowfz@g.co,Female,182.243.20.118
577,Vikki,Bohills,vbohillsg0@yolasite.com,Agender,206.110.10.35
578,Cacilia,Danilov,cdanilovg1@tripadvisor.com,Female,45.183.85.55
579,Cassondra,Melloi,cmelloig2@digg.com,Genderfluid,196.68.1.115
580,Halsy,Strong,hstrongg3@printfriendly.com,Male,116.15.170.185
581,Thadeus,Gotliffe,tgotliffeg4@fastcompany.com,Male,73.252.82.107
582,Terrell,Vogeller,tvogellerg5@techcrunch.com,Male,133.114.127.125
583,Vassili,Roskam,vroskamg6@si.edu,Male,218.173.144.196
584,Diana,Redding,dreddingg7@vinaora.com,Agender,187.145.157.119
585,Karil,McGloughlin,kmcgloughling8@joomla.org,Female,46.156.191.23
586,Nancee,Goodband,ngoodbandg9@java.com,Female,213.227.50.88
587,Samantha,Foston,sfostonga@merriam-webster.com,Female,24.211.17.218
588,Nevil,Broom,nbroomgb@nationalgeographic.com,Male,243.165.60.68
589,Abbey,Calderbank,acalderbankgc@cnbc.com,Female,60.120.26.128
590,Aggie,Grey,agreygd@apache.org,Female,98.134.103.245
591,Sybyl,Oxenford,soxenfordge@ucsd.edu,Female,148.13.250.173
592,Tris,Senett,tsenettgf@admin.ch,Non-binary,157.71.49.253
593,Dollie,Carolan,dcarolangg@gnu.org,Female,241.30.195.86
594,Connie,Tabourin,ctabouringh@springer.com,Male,154.60.82.205
595,Vikky,Stuehmeier,vstuehmeiergi@hao123.com,Female,245.93.95.176
596,Cacilia,Franzotto,cfranzottogj@redcross.org,Female,172.3.89.109
597,Winston,Coldbath,wcoldbathgk@gravatar.com,Male,72.69.105.138
598,Matilde,Beech,mbeechgl@liveinternet.ru,Genderfluid,25.83.188.100
599,Myrtice,McKimmey,mmckimmeygm@bizjournals.com,Female,98.98.46.125
600,Ivonne,Quogan,iquogangn@issuu.com,Female,72.55.168.240
601,Ulrika,Gligorijevic,ugligorijevicgo@arstechnica.com,Bigender,193.109.14.56
602,Sharia,Edmed,sedmedgp@google.de,Female,77.171.201.122
603,Phillip,Courtese,pcourtesegq@posterous.com,Male,251.232.133.26
604,Berenice,Aberkirder,baberkirdergr@ftc.gov,Female,234.23.139.28
605,Peadar,Martonfi,pmartonfigs@wikispaces.com,Male,119.216.19.226
606,Karine,Frantsev,kfrantsevgt@ehow.com,Female,88.215.247.155
607,Slade,Rusbridge,srusbridgegu@topsy.com,Male,213.102.253.243
608,Kiley,Limerick,klimerickgv@51.la,Male,109.66.137.166
609,Dorolisa,Faire,dfairegw@flavors.me,Female,246.64.119.158
610,Herc,Cousin,hcousingx@prlog.org,Male,237.215.111.51
611,Merrill,Clarke,mclarkegy@nydailynews.com,Male,134.101.220.241
612,Bobbie,Woods,bwoodsgz@pen.io,Female,170.77.38.253
613,Beatrisa,Pougher,bpougherh0@behance.net,Female,139.141.151.178
614,Patience,Danielli,pdaniellih1@ocn.ne.jp,Female,146.251.114.57
615,Tabatha,Ridley,tridleyh2@who.int,Female,171.101.197.140
616,Andeee,Spinelli,aspinellih3@geocities.jp,Female,187.61.95.203
617,Ilene,Danniell,idanniellh4@addthis.com,Female,25.112.50.147
618,Ara,Vipan,avipanh5@wiley.com,Male,246.237.222.146
619,Walden,Caesar,wcaesarh6@weebly.com,Male,38.101.160.131
620,Troy,Cawley,tcawleyh7@mediafire.com,Male,229.232.186.202
621,Emmey,Casolla,ecasollah8@adobe.com,Female,172.127.67.229
622,Giacobo,Lear,glearh9@census.gov,Male,120.185.46.198
623,Holly-anne,Sealove,hsealoveha@last.fm,Female,6.5.30.57
624,Darlene,Jewise,djewisehb@mail.ru,Female,30.73.40.18
625,Danna,Du Fray,ddufrayhc@patch.com,Female,47.175.126.205
626,Dirk,Denziloe,ddenziloehd@apache.org,Male,157.95.168.95
627,Riki,O'Feeney,rofeeneyhe@dropbox.com,Female,156.137.48.149
628,Garvy,Gilardone,ggilardonehf@spotify.com,Genderqueer,36.158.128.106
629,Delia,Tzar,dtzarhg@csmonitor.com,Female,101.87.136.236
630,Dyann,Counsell,dcounsellhh@hexun.com,Female,190.60.29.126
631,Jodi,Erswell,jerswellhi@java.com,Male,153.58.232.17
632,Aundrea,Cisar,acisarhj@tamu.edu,Female,239.217.202.246
633,Ronny,Hilhouse,rhilhousehk@wufoo.com,Female,156.152.51.118
634,Dulci,Torn,dtornhl@princeton.edu,Female,64.51.188.9
635,Joelie,French,jfrenchhm@lycos.com,Female,103.76.20.121
636,Portia,Radley,pradleyhn@woothemes.com,Female,59.11.213.176
637,Therese,Girdwood,tgirdwoodho@amazonaws.com,Female,183.121.65.211
638,Kassie,Revance,krevancehp@yahoo.co.jp,Polygender,146.253.215.238
639,Sigvard,Lotterington,slotteringtonhq@theguardian.com,Male,116.13.205.217
640,Alvis,Loughton,aloughtonhr@engadget.com,Male,74.149.21.126
641,Evered,Whall,ewhallhs@histats.com,Male,108.200.137.206
642,Baxie,Trassler,btrasslerht@imageshack.us,Male,46.214.119.58
643,Travus,Moxley,tmoxleyhu@google.it,Male,52.149.197.161
644,Jarrad,Pollak,jpollakhv@uol.com.br,Male,244.254.50.122
645,Agna,Buntain,abuntainhw@comcast.net,Female,59.178.82.132
646,Pearline,Minear,pminearhx@wired.com,Polygender,230.82.10.23
647,Nick,Sambeck,nsambeckhy@mtv.com,Male,105.92.206.193
648,Jasmine,Ferry,jferryhz@pen.io,Female,255.91.219.108
649,Selie,Ransbury,sransburyi0@craigslist.org,Female,104.20.22.143
650,Rori,La Torre,rlatorrei1@microsoft.com,Female,59.90.233.172
651,Dallon,Daley,ddaleyi2@taobao.com,Male,254.36.217.25
652,Krishnah,Vowells,kvowellsi3@phpbb.com,Male,65.194.243.82
653,Dena,Tracey,dtraceyi4@craigslist.org,Female,132.79.222.29
654,Olivie,Gilliard,ogilliardi5@wired.com,Female,46.8.239.92
655,Piggy,Peer,ppeeri6@nydailynews.com,Bigender,186.111.252.129
656,Genevra,Bidnall,gbidnalli7@cnet.com,Agender,146.25.59.70
657,Boyce,Treuge,btreugei8@google.es,Male,93.232.41.48
658,Dorena,Karpinski,dkarpinskii9@behance.net,Female,189.197.187.132
659,Wallas,Campes,wcampesia@mac.com,Male,46.60.61.169
660,Ives,Cambridge,icambridgeib@quantcast.com,Male,67.137.161.66
661,Delila,Ridel,dridelic@wired.com,Female,177.187.236.158
662,Shelton,Krollman,skrollmanid@cargocollective.com,Male,80.125.16.86
663,Sammy,Steffens,ssteffensie@goo.ne.jp,Male,239.35.1.150
664,Raffaello,Springham,rspringhamif@vkontakte.ru,Male,115.135.6.134
665,Pat,Arthey,partheyig@sourceforge.net,Female,37.142.173.178
666,Pauly,Lebbern,plebbernih@booking.com,Female,167.107.41.22
667,Cori,Balaizot,cbalaizotii@github.com,Male,224.157.92.129
668,Lazarus,Benzing,lbenzingij@joomla.org,Male,152.183.110.223
669,Oralee,Cousin,ocousinik@archive.org,Female,143.107.124.21
670,Thain,Brodnecke,tbrodneckeil@theatlantic.com,Bigender,230.163.212.174
671,Maryanne,Jeste,mjesteim@china.com.cn,Female,236.25.123.239
672,Blaine,Pydcock,bpydcockin@multiply.com,Male,117.243.1.248
673,Robbert,Haney`,rhaneyio@telegraph.co.uk,Male,186.212.24.177
674,Kane,Hutchence,khutchenceip@nytimes.com,Male,199.251.174.48
675,Bourke,Issakov,bissakoviq@istockphoto.com,Male,33.71.178.12
676,Jarid,Sweeten,jsweetenir@privacy.gov.au,Male,113.180.226.19
677,Horton,Crichley,hcrichleyis@blogger.com,Male,42.91.132.71
678,Ramona,Goby,rgobyit@indiegogo.com,Female,68.92.184.183
679,Reinaldo,Poundsford,rpoundsfordiu@vk.com,Male,247.74.58.117
680,Minnnie,Heck,mheckiv@so-net.ne.jp,Female,172.248.125.243
681,Brockie,Rawood,brawoodiw@wisc.edu,Male,5.117.245.154
682,Dayna,Chesson,dchessonix@addthis.com,Female,20.72.54.185
683,Merwyn,Dik,mdikiy@mysql.com,Male,90.44.159.236
684,Colby,Horsey,chorseyiz@netlog.com,Male,134.80.141.47
685,Sayre,Wisniowski,swisniowskij0@amazon.de,Male,170.215.236.164
686,Averil,Garey,agareyj1@netscape.com,Female,71.241.84.118
687,Perrine,Dreini,pdreinij2@plala.or.jp,Female,45.180.51.19
688,Hamish,Siddall,hsiddallj3@un.org,Male,186.18.218.225
689,Lyn,Durnill,ldurnillj4@geocities.jp,Female,89.60.71.172
690,Milty,Paulou,mpaulouj5@slate.com,Non-binary,135.128.37.231
691,Foster,Stonhard,fstonhardj6@jugem.jp,Male,221.94.75.110
692,Giovanna,Hammerman,ghammermanj7@un.org,Female,214.191.139.53
693,Price,Rosekilly,prosekillyj8@columbia.edu,Non-binary,115.152.182.249
694,Lotta,Dymott,ldymottj9@rambler.ru,Female,66.2.32.25
695,Anders,Puleston,apulestonja@fastcompany.com,Genderqueer,252.128.89.40
696,Renault,Whatsize,rwhatsizejb@sourceforge.net,Male,186.32.77.212
697,Caddric,Cometson,ccometsonjc@nbcnews.com,Male,224.100.101.161
698,Floria,Verrechia,fverrechiajd@homestead.com,Female,174.6.251.114
699,Giovanni,Norcross,gnorcrossje@pinterest.com,Male,114.72.65.128
700,Ethan,Jenner,ejennerjf@ustream.tv,Male,233.162.131.26
701,Torrie,Gillani,tgillanijg@ucla.edu,Female,93.120.59.88
702,Robbie,Kach,rkachjh@studiopress.com,Genderfluid,115.169.245.161
703,Pattin,Clubley,pclubleyji@google.co.jp,Male,181.131.56.73
704,Howie,Greenham,hgreenhamjj@pcworld.com,Male,99.147.152.129
705,Tye,Nys,tnysjk@berkeley.edu,Male,41.57.227.3
706,Issi,Childs,ichildsjl@ca.gov,Female,220.179.13.1
707,Verene,Ruddy,vruddyjm@loc.gov,Female,122.2.211.29
708,Ive,Ruddiforth,iruddiforthjn@narod.ru,Male,96.120.77.248
709,Sophi,Ivy,sivyjo@fotki.com,Female,99.231.5.50
710,Ambur,Siege,asiegejp@google.fr,Female,23.99.138.161
711,Rosalia,Erwin,rerwinjq@mlb.com,Female,141.107.226.230
712,Rhea,Serot,rserotjr@paginegialle.it,Female,150.170.161.81
713,Susan,Arbuckel,sarbuckeljs@123-reg.co.uk,Female,126.128.196.0
714,Becca,Todeo,btodeojt@timesonline.co.uk,Female,183.64.233.50
715,Emilie,Kolakovic,ekolakovicju@bloglines.com,Female,148.22.169.90
716,Tobie,O'Cullinane,tocullinanejv@dion.ne.jp,Male,113.29.183.56
717,Ashly,Shearn,ashearnjw@yellowpages.com,Female,185.158.53.243
718,Frazer,Bevan,fbevanjx@jugem.jp,Male,216.67.101.60
719,Aubine,Royl,aroyljy@ibm.com,Bigender,17.110.194.119
720,Billi,Roj,brojjz@harvard.edu,Female,192.187.85.37
721,Ricardo,Charrisson,rcharrissonk0@oakley.com,Male,19.13.189.208
722,Norrie,Stalley,nstalleyk1@paypal.com,Male,3.59.151.205
723,Tilda,Eunson,teunsonk2@soundcloud.com,Female,239.12.226.13
724,Silva,McGlew,smcglewk3@auda.org.au,Female,187.94.197.202
725,Kaile,Oldis,koldisk4@dedecms.com,Female,41.40.139.20
726,Rafaelia,Chipchase,rchipchasek5@flickr.com,Female,86.126.216.244
727,Cahra,Freeth,cfreethk6@trellian.com,Female,175.3.189.41
728,Erick,Devitt,edevittk7@ihg.com,Male,155.107.133.177
729,Lisa,Tripe,ltripek8@virginia.edu,Bigender,146.116.183.85
730,Luigi,Longhorne,llonghornek9@delicious.com,Male,85.117.70.37
731,Alexis,Whitehead,awhiteheadka@timesonline.co.uk,Male,161.214.160.243
732,Emlynne,Sawdy,esawdykb@abc.net.au,Female,152.255.95.65
733,Horatia,Maltster,hmaltsterkc@paginegialle.it,Female,101.114.251.249
734,Abbye,Waycot,awaycotkd@nps.gov,Female,100.222.95.16
735,Francis,Warboy,fwarboyke@cbsnews.com,Male,114.81.173.141
736,Noak,Moulton,nmoultonkf@wix.com,Male,135.90.156.30
737,Corine,Cuppleditch,ccuppleditchkg@virginia.edu,Female,25.68.80.248
738,Guinevere,De Metz,gdemetzkh@w3.org,Female,64.191.232.71
739,Tim,Marcinkowski,tmarcinkowskiki@google.de,Female,106.98.242.151
740,Colver,McQuirter,cmcquirterkj@flickr.com,Male,29.243.130.64
741,Bethena,Doonican,bdoonicankk@dailymotion.com,Genderqueer,23.31.64.50
742,Jayme,Hedgecock,jhedgecockkl@latimes.com,Female,193.123.156.194
743,Amye,Dyett,adyettkm@constantcontact.com,Female,114.0.179.121
744,Heath,Demkowicz,hdemkowiczkn@artisteer.com,Female,190.230.210.70
745,Roselle,Yurmanovev,ryurmanovevko@yahoo.com,Female,39.24.230.243
746,Flemming,Orrick,forrickkp@tumblr.com,Male,10.232.237.92
747,Susannah,Lamball,slamballkq@rambler.ru,Female,14.197.162.151
748,Else,Bleythin,ebleythinkr@timesonline.co.uk,Female,179.188.228.142
749,Taddeusz,Gadsdon,tgadsdonks@blogspot.com,Male,52.65.226.17
750,Kimmie,Assaf,kassafkt@unblog.fr,Female,241.182.255.141
751,Janek,Raffels,jraffelsku@cisco.com,Male,26.131.253.92
752,Vincenz,Olive,volivekv@slate.com,Male,139.59.12.28
753,Nolly,Klishin,nklishinkw@google.fr,Male,0.165.227.131
754,Clovis,Gendrich,cgendrichkx@symantec.com,Female,219.204.125.81
755,Edgardo,Kershow,ekershowky@google.com.br,Male,39.46.182.103
756,Milzie,Pistol,mpistolkz@dell.com,Female,62.171.127.104
757,Wolfie,Brunesco,wbrunescol0@washingtonpost.com,Male,69.94.19.232
758,Willdon,Andreas,wandreasl1@yellowpages.com,Male,1.234.241.139
759,Nanny,Mawtus,nmawtusl2@friendfeed.com,Female,119.62.23.105
760,Conny,Willshaw,cwillshawl3@geocities.com,Male,110.181.169.5
761,Tim,Hentze,thentzel4@intel.com,Male,176.48.16.216
762,Maude,Flooks,mflooksl5@multiply.com,Polygender,9.255.218.163
763,Guenevere,Seager,gseagerl6@businesswire.com,Female,185.117.178.166
764,Gilberto,Reef,greefl7@seattletimes.com,Male,66.67.89.73
765,Cyndi,Dibley,cdibleyl8@imageshack.us,Genderfluid,122.226.206.82
766,Lucine,MacLaig,lmaclaigl9@cnbc.com,Female,196.127.19.223
767,Lorene,Jzak,ljzakla@latimes.com,Female,157.186.45.79
768,Sidoney,Hollow,shollowlb@ocn.ne.jp,Female,207.71.157.224
769,Thomasin,Kennealy,tkennealylc@wix.com,Female,104.146.73.92
770,Lester,Liepina,lliepinald@linkedin.com,Male,193.21.174.245
771,Louie,Schonfeld,lschonfeldle@dell.com,Male,44.193.228.159
772,Malvin,Schuler,mschulerlf@hp.com,Male,36.103.11.192
773,Taddeo,Sandcroft,tsandcroftlg@wufoo.com,Male,202.144.212.70
774,Stillman,Roskrug,sroskruglh@edublogs.org,Male,245.118.212.184
775,Gusti,Lownie,glownieli@businessweek.com,Female,85.0.157.157
776,Dorthea,Astlet,dastletlj@wufoo.com,Female,155.17.156.168
777,Laina,Viney,lvineylk@liveinternet.ru,Female,185.25.223.237
778,Rois,Lezemore,rlezemorell@t.co,Female,145.202.109.10
779,Zandra,Moye,zmoyelm@miibeian.gov.cn,Female,145.63.244.189
780,Gordon,Wickie,gwickieln@state.tx.us,Male,231.159.129.13
781,Aube,Trynor,atrynorlo@arizona.edu,Male,24.115.122.43
782,Keslie,De Bruijn,kdebruijnlp@cbslocal.com,Female,253.206.191.198
783,Perl,Fries,pfrieslq@uiuc.edu,Female,114.32.130.99
784,Amble,Loffel,aloffellr@com.com,Male,183.15.153.45
785,Ketti,Shallcroff,kshallcroffls@smh.com.au,Female,58.97.234.128
786,Vachel,Muschette,vmuschettelt@wix.com,Male,195.27.15.221
787,Kristen,Elman,kelmanlu@yelp.com,Genderfluid,249.153.105.247
788,Marcello,Fowlds,mfowldslv@senate.gov,Male,213.232.26.147
789,Vally,MacMoyer,vmacmoyerlw@ustream.tv,Female,43.125.18.113
790,Daveta,Maguire,dmaguirelx@princeton.edu,Female,202.84.71.1
791,Fidel,Bienvenu,fbienvenuly@tamu.edu,Genderqueer,91.53.27.63
792,Dian,Reynault,dreynaultlz@etsy.com,Female,206.66.43.123
793,Shelba,Candelin,scandelinm0@google.pl,Female,104.83.73.131
794,Letta,Tokell,ltokellm1@gnu.org,Female,231.113.66.225
795,Neal,Seys,nseysm2@yandex.ru,Male,115.66.132.248
796,Gus,Christoffels,gchristoffelsm3@tumblr.com,Female,120.16.59.111
797,Domeniga,Woolatt,dwoolattm4@csmonitor.com,Female,127.250.16.198
798,Frankie,Speaks,fspeaksm5@reverbnation.com,Genderfluid,51.191.197.18
799,Clyde,Peace,cpeacem6@nifty.com,Male,191.170.183.126
800,Drucie,D'eye,ddeyem7@bravesites.com,Female,129.14.181.101
801,Wilmar,Darell,wdarellm8@ask.com,Male,74.42.18.99
802,Cary,Girt,cgirtm9@elpais.com,Male,11.38.55.16
803,Keslie,Fedoronko,kfedoronkoma@amazonaws.com,Female,32.87.9.248
804,Agata,Mettericke,ametterickemb@qq.com,Agender,230.148.238.214
805,Brandie,Lutty,bluttymc@w3.org,Female,178.212.186.217
806,Benjy,Caudray,bcaudraymd@microsoft.com,Male,64.169.127.74
807,Nikoletta,Tregidga,ntregidgame@google.com.br,Female,109.115.75.184
808,Loralee,Fessler,lfesslermf@reddit.com,Female,215.139.38.26
809,Lynelle,Igo,ligomg@deviantart.com,Female,110.106.161.20
810,Agata,Marshman,amarshmanmh@nih.gov,Female,138.57.137.123
811,Tamera,Westwood,twestwoodmi@github.com,Female,189.160.172.49
812,Worthy,Loughead,wlougheadmj@fc2.com,Male,49.113.5.138
813,Cello,Saye,csayemk@msu.edu,Male,24.205.42.93
814,Marv,Shoesmith,mshoesmithml@aboutads.info,Male,164.69.26.153
815,Babb,Van der Kruijs,bvanderkruijsmm@cbc.ca,Genderfluid,100.126.66.123
816,Scot,Flieg,sfliegmn@webmd.com,Male,19.205.117.19
817,Ann-marie,Darter,adartermo@paypal.com,Female,254.55.239.0
818,Gaelan,Connow,gconnowmp@cocolog-nifty.com,Male,14.149.10.152
819,Roslyn,MacGoun,rmacgounmq@army.mil,Female,68.175.170.167
820,Dollie,Easeman,deasemanmr@nsw.gov.au,Female,216.156.35.176
821,Beverlie,Rowsell,browsellms@vimeo.com,Female,224.148.142.252
822,Bryon,Marchbank,bmarchbankmt@usda.gov,Male,60.240.182.143
823,Boonie,Climson,bclimsonmu@abc.net.au,Male,243.217.143.12
824,Lyndsie,Goering,lgoeringmv@europa.eu,Female,57.215.9.204
825,Virge,Strut,vstrutmw@yahoo.com,Male,190.86.210.89
826,Tremaine,Feria,tferiamx@ow.ly,Male,113.48.134.98
827,Berky,Basilone,bbasilonemy@huffingtonpost.com,Male,225.234.251.86
828,Aloin,Brabham,abrabhammz@google.pl,Male,16.184.47.199
829,Nap,Newlyn,nnewlynn0@house.gov,Male,0.64.56.128
830,Sid,Christley,schristleyn1@techcrunch.com,Male,139.155.149.249
831,Howie,Praundlin,hpraundlinn2@sina.com.cn,Male,245.59.254.171
832,Dulci,Garrattley,dgarrattleyn3@nydailynews.com,Female,173.50.110.208
833,Victor,Phelan,vphelann4@angelfire.com,Male,199.114.95.93
834,Pyotr,Cleal,pclealn5@woothemes.com,Male,235.104.80.125
835,Ann,Semor,asemorn6@homestead.com,Female,175.175.103.71
836,Sauveur,Getten,sgettenn7@wikispaces.com,Genderqueer,124.27.123.22
837,Kip,Molden,kmoldenn8@goo.gl,Male,29.18.204.242
838,Idelle,Moralas,imoralasn9@ovh.net,Female,205.10.57.32
839,Scottie,Eate,seatena@washington.edu,Male,232.189.214.204
840,Samantha,Van Geffen,svangeffennb@washington.edu,Female,140.226.131.88
841,Dietrich,Hodges,dhodgesnc@ucoz.com,Male,49.13.185.66
842,Laure,Stit,lstitnd@issuu.com,Female,107.51.117.36
843,Caitrin,Yegoshin,cyegoshinne@cyberchimps.com,Female,116.91.94.168
844,Danella,Turn,dturnnf@ebay.com,Female,121.30.86.166
845,Darda,Heinecke,dheineckeng@pbs.org,Female,126.106.205.100
846,Mariette,Alentyev,malentyevnh@qq.com,Female,76.105.52.229
847,Noreen,Skillett,nskillettni@tinypic.com,Female,10.99.108.8
848,Alonso,O'Halloran,aohallorannj@a8.net,Male,201.11.189.57
849,Francyne,Emblin,femblinnk@usatoday.com,Female,124.234.112.240
850,Bess,Parminter,bparminternl@photobucket.com,Female,51.189.155.215
851,Yanaton,Dare,ydarenm@twitter.com,Male,201.19.202.148
852,Parke,Millichip,pmillichipnn@liveinternet.ru,Non-binary,16.247.250.92
853,Darbie,Philipard,dphilipardno@wikispaces.com,Female,132.232.78.83
854,Rudyard,Dobey,rdobeynp@prweb.com,Male,93.23.137.173
855,Consalve,Beggan,cbeggannq@ehow.com,Male,26.34.254.94
856,Talbot,Ives,tivesnr@unesco.org,Male,191.41.251.10
857,Gweneth,O'Dyvoie,godyvoiens@chron.com,Female,251.249.139.226
858,Leupold,Clare,lclarent@netvibes.com,Male,245.35.234.24
859,Mindy,MacCumiskey,mmaccumiskeynu@google.ru,Female,232.55.100.71
860,Moishe,Lazar,mlazarnv@statcounter.com,Male,64.211.106.231
861,Auguste,Lyddyard,alyddyardnw@sogou.com,Female,118.123.177.179
862,Cyb,Sharma,csharmanx@deliciousdays.com,Female,171.59.24.179
863,Stefan,Winram,swinramny@tmall.com,Male,216.197.179.117
864,Raviv,Bunten,rbuntennz@weibo.com,Male,159.255.128.28
865,Gallard,Duncanson,gduncansono0@icq.com,Male,230.216.231.196
866,Marge,Hairs,mhairso1@4shared.com,Genderfluid,207.112.158.194
867,Arri,Nerney,anerneyo2@webs.com,Bigender,79.191.200.40
868,Reese,McConaghy,rmcconaghyo3@linkedin.com,Male,79.178.147.142
869,Peder,Caddan,pcaddano4@t-online.de,Male,159.102.131.130
870,Eziechiele,Cluitt,ecluitto5@shutterfly.com,Male,211.186.60.207
871,Hinze,Searl,hsearlo6@e-recht24.de,Male,155.127.54.170
872,Jordana,Piccard,jpiccardo7@utexas.edu,Female,10.13.119.202
873,Koenraad,Hold,kholdo8@mapy.cz,Male,193.115.25.185
874,Phil,Fasset,pfasseto9@webs.com,Female,37.108.17.58
875,Margo,Lardier,mlardieroa@wikipedia.org,Female,168.226.231.215
876,Lula,Castelyn,lcastelynob@mtv.com,Female,248.1.12.157
877,Annabela,Winkle,awinkleoc@ucoz.com,Non-binary,8.38.188.190
878,Pablo,Elcocks,pelcocksod@slideshare.net,Male,180.236.42.181
879,See,Shovelton,sshoveltonoe@marriott.com,Male,87.173.202.72
880,Blondelle,Stife,bstifeof@amazon.com,Genderfluid,239.150.38.8
881,Lawry,MacGibbon,lmacgibbonog@ezinearticles.com,Male,129.78.32.105
882,Mayne,Cronkshaw,mcronkshawoh@prnewswire.com,Bigender,18.153.226.202
883,Fredra,Awty,fawtyoi@squarespace.com,Female,134.138.115.24
884,Katheryn,Bonelle,kbonelleoj@seattletimes.com,Female,218.219.251.140
885,Egon,Rennles,erennlesok@wikipedia.org,Male,229.191.135.219
886,Hugibert,Smithyman,hsmithymanol@creativecommons.org,Male,175.1.135.211
887,Dale,Garahan,dgarahanom@networkadvertising.org,Male,204.172.104.26
888,Caty,Creeber,ccreeberon@freewebs.com,Female,113.54.199.226
889,Susette,Jupe,sjupeoo@wisc.edu,Female,48.4.167.20
890,Arlette,Meiklam,ameiklamop@is.gd,Female,18.158.19.193
891,Annabell,Lowfill,alowfilloq@census.gov,Female,19.236.69.222
892,Jeanie,Alenikov,jalenikovor@geocities.com,Genderqueer,65.52.205.36
893,Gabriel,Cahalan,gcahalanos@cam.ac.uk,Male,126.102.242.108
894,Ignacius,McGinlay,imcginlayot@edublogs.org,Male,10.196.232.156
895,Marney,Tinghill,mtinghillou@google.nl,Female,36.201.167.212
896,Ailina,Attle,aattleov@wired.com,Female,72.122.103.76
897,Farlay,Dolbey,fdolbeyow@nature.com,Male,55.95.45.125
898,Evangelin,Swadden,eswaddenox@sphinn.com,Female,45.150.248.242
899,Bendite,Bonsey,bbonseyoy@t.co,Female,226.0.134.27
900,Patten,Brosnan,pbrosnanoz@google.com.au,Male,199.63.57.202
901,Wally,Lorden,wlordenp0@chronoengine.com,Male,120.243.252.129
902,Baldwin,Larchier,blarchierp1@mozilla.org,Male,8.16.69.121
903,Gibby,Heaford,gheafordp2@bing.com,Genderqueer,50.83.96.173
904,Rhianon,Cockling,rcocklingp3@netscape.com,Female,108.57.153.162
905,Heindrick,Larder,hlarderp4@ebay.co.uk,Male,204.160.231.165
906,Barb,Fury,bfuryp5@springer.com,Female,206.182.7.94
907,Roanna,Hazeman,rhazemanp6@symantec.com,Female,107.136.115.62
908,Jacob,Manuaud,jmanuaudp7@eventbrite.com,Male,182.128.187.240
909,Esdras,Phizackarley,ephizackarleyp8@skype.com,Male,252.126.29.99
910,Farlie,Dhenin,fdheninp9@digg.com,Male,60.139.104.78
911,Kellen,Reason,kreasonpa@creativecommons.org,Female,247.196.214.124
912,Jo-anne,Columbell,jcolumbellpb@sciencedirect.com,Female,90.88.202.35
913,Mireielle,Camocke,mcamockepc@facebook.com,Agender,204.229.203.128
914,Porty,Ffrench,pffrenchpd@themeforest.net,Male,126.30.131.24
915,Laney,Torri,ltorripe@java.com,Male,68.138.155.97
916,Kayla,Mateja,kmatejapf@ca.gov,Female,191.214.194.97
917,Zach,Sevin,zsevinpg@goodreads.com,Male,87.227.234.222
918,Vanessa,Lammin,vlamminph@4shared.com,Female,112.210.121.1
919,Ilyse,Jeste,ijestepi@imgur.com,Female,45.135.56.50
920,Slade,Gonthier,sgonthierpj@un.org,Male,8.197.111.240
921,Kimmy,Szymaniak,kszymaniakpk@stanford.edu,Female,229.174.190.143
922,Roobbie,Ferran,rferranpl@wisc.edu,Female,112.28.174.22
923,Giacobo,Currall,gcurrallpm@dagondesign.com,Male,230.65.181.89
924,Gladi,Millett,gmillettpn@dailymail.co.uk,Female,97.10.57.182
925,Ragnar,Gerrill,rgerrillpo@miibeian.gov.cn,Male,243.157.17.72
926,Josey,Axtens,jaxtenspp@edublogs.org,Female,96.163.99.37
927,Reuben,Gostick,rgostickpq@purevolume.com,Male,47.234.29.157
928,Giles,Cavell,gcavellpr@behance.net,Male,87.42.190.188
929,Lori,Whenman,lwhenmanps@indiatimes.com,Female,218.41.191.0
930,Bambie,Minster,bminsterpt@goodreads.com,Female,202.224.191.190
931,Hal,de Savery,hdesaverypu@behance.net,Male,2.67.137.214
932,Scarlett,Trevallion,strevallionpv@ustream.tv,Female,240.66.239.117
933,Rozelle,Blant,rblantpw@goodreads.com,Female,201.192.246.239
934,Carlynn,Santori,csantoripx@dagondesign.com,Female,182.33.86.97
935,Filia,Garter,fgarterpy@dropbox.com,Female,129.132.11.90
936,Blake,Telega,btelegapz@nyu.edu,Male,122.238.216.15
937,Cristabel,Broom,cbroomq0@elegantthemes.com,Female,238.97.118.85
938,Judye,Tunmore,jtunmoreq1@yellowbook.com,Female,247.86.60.0
939,Iona,Bairstow,ibairstowq2@salon.com,Female,247.0.88.177
940,Camila,McTurk,cmcturkq3@mayoclinic.com,Female,161.21.144.29
941,Diana,Hearfield,dhearfieldq4@geocities.jp,Female,43.34.28.61
942,Lissy,Kingsnod,lkingsnodq5@ucsd.edu,Female,35.21.148.173
943,Sydney,Innott,sinnottq6@skype.com,Bigender,34.51.175.13
944,Osgood,Altamirano,oaltamiranoq7@ft.com,Male,69.185.28.40
945,Eugen,Le Fevre,elefevreq8@mediafire.com,Male,173.154.19.8
946,Siouxie,Ithell,sithellq9@artisteer.com,Female,200.10.82.60
947,Ediva,Potten,epottenqa@4shared.com,Female,147.156.167.143
948,Shaylynn,Boundley,sboundleyqb@fastcompany.com,Agender,191.31.46.202
949,Kip,Arnecke,karneckeqc@ibm.com,Female,55.187.59.227
950,Craggie,Baldetti,cbaldettiqd@economist.com,Male,180.88.13.74
951,Constancy,Callam,ccallamqe@surveymonkey.com,Polygender,239.30.57.227
952,Sher,Sneath,ssneathqf@shop-pro.jp,Female,163.116.105.180
953,Ted,Sybbe,tsybbeqg@harvard.edu,Male,237.120.120.3
954,Susi,Wishart,swishartqh@over-blog.com,Female,117.40.6.156
955,Christoforo,Meyer,cmeyerqi@umn.edu,Non-binary,155.54.56.11
956,Lenee,Teas,lteasqj@studiopress.com,Genderfluid,137.239.55.37
957,Camel,Gorman,cgormanqk@columbia.edu,Genderfluid,205.119.113.4
958,Randal,Coverlyn,rcoverlynql@hatena.ne.jp,Agender,82.52.240.36
959,Andre,Doneld,adoneldqm@deviantart.com,Bigender,216.76.189.48
960,Becky,Boam,bboamqn@ted.com,Polygender,15.116.195.210
961,Sigmund,Haydney,shaydneyqo@last.fm,Male,151.76.248.124
962,Ermengarde,Jowitt,ejowittqp@epa.gov,Genderfluid,63.94.4.34
963,Tony,Egdale,tegdaleqq@ca.gov,Female,120.93.127.143
964,Casi,Brolechan,cbrolechanqr@ucoz.ru,Female,229.211.127.163
965,Andie,Andrys,aandrysqs@free.fr,Male,13.180.170.208
966,Pauletta,Jenney,pjenneyqt@google.com.hk,Female,17.83.153.247
967,Cassaundra,Bader,cbaderqu@topsy.com,Female,15.6.79.31
968,Rory,Lifsey,rlifseyqv@webs.com,Male,98.112.87.148
969,Louis,Aikin,laikinqw@printfriendly.com,Male,12.145.246.191
970,Antoine,Sponder,asponderqx@devhub.com,Male,45.180.19.107
971,Ginger,Begley,gbegleyqy@deviantart.com,Female,161.152.104.194
972,Luce,Bugs,lbugsqz@arstechnica.com,Male,22.209.108.38
973,Jenine,Kunzel,jkunzelr0@webmd.com,Female,227.16.138.152
974,Barrie,Placido,bplacidor1@pagesperso-orange.fr,Male,71.7.194.146
975,Mufinella,McOrkil,mmcorkilr2@woothemes.com,Female,36.16.142.107
976,Tyrone,Girard,tgirardr3@comsenz.com,Male,145.230.174.226
977,Edeline,Aldie,ealdier4@time.com,Female,213.167.144.214
978,Nicky,Gencke,ngencker5@cafepress.com,Male,3.131.84.104
979,Kyrstin,Brithman,kbrithmanr6@epa.gov,Female,51.104.210.180
980,Odey,Wanne,owanner7@newyorker.com,Male,228.124.125.44
981,Aloisia,Emmens,aemmensr8@icio.us,Female,33.165.156.88
982,Stephana,Baszkiewicz,sbaszkiewiczr9@cbslocal.com,Female,18.248.6.166
983,Tandie,Junkin,tjunkinra@dailymotion.com,Female,79.251.67.57
984,Maximilian,Sellman,msellmanrb@prlog.org,Genderqueer,229.185.236.90
985,Joete,Hammill,jhammillrc@mozilla.com,Female,59.194.211.57
986,Hanna,Lagne,hlagnerd@mail.ru,Female,51.98.102.251
987,Jean,Brisse,jbrissere@indiegogo.com,Male,200.114.80.251
988,Alexandros,Denkin,adenkinrf@toplist.cz,Male,212.14.160.237
989,Yelena,Blunsom,yblunsomrg@aol.com,Genderqueer,209.51.146.117
990,Nada,McDermott,nmcdermottrh@foxnews.com,Female,188.149.193.210
991,Marleen,Grushin,mgrushinri@vistaprint.com,Female,156.200.165.63
992,Kipp,Dood,kdoodrj@yahoo.com,Male,246.43.148.167
993,Gabriello,Cavan,gcavanrk@hhs.gov,Bigender,114.153.157.66
994,Frasier,Leathard,fleathardrl@abc.net.au,Male,9.199.207.11
995,Stacee,Millberg,smillbergrm@soundcloud.com,Male,86.6.108.237
996,Kippie,Caistor,kcaistorrn@hao123.com,Female,122.231.155.140
997,Ramona,Sebrook,rsebrookro@vkontakte.ru,Female,194.246.168.60
998,Brooks,Aubrun,baubrunrp@virginia.edu,Female,18.124.9.203
999,Kennett,Wardel,kwardelrq@sina.com.cn,Male,132.167.44.146
1000,Dolf,Rospars,drosparsrr@cloudflare.com,Male,51.141.37.171
